root,feature,ic,t,p,n
GC,ret_63,0.07845345453809946,1.5055433801514355,0.13304694244969192,368
GC,ret_252,0.06539062054226773,1.2381693943009986,0.21646685730667825,359
GC,tsmom_12_1,0.06624391154821743,1.2543971864017778,0.2105183358740019,359
GC,dist_ma_200,0.04219554603623635,0.8013178721986173,0.42347621108867683,362
GC,carry,0.05036765310654538,0.9687606261574818,0.3332991703630363,371
GC,carry_z,0.06554933949948548,1.2515743748425094,0.21153091863928325,365
GC,slope_cm,0.04953620955410154,0.9462523307945566,0.34464762028122903,366
GC,carry_12m,-0.02746224182621018,-0.5277314771605842,0.5980029018620078,371
GC,z_ret_5,0.02833920877399138,0.5431192752405783,0.5873773881797797,369
GC,trend_template,0.10039457309314545,1.9383096910348006,0.05334783611067693,371
GC,vcp_contraction,0.07397140875939323,1.424847927675621,0.15504638097678916,371
GC,season_score,-0.03408142183080845,-0.6443238172717654,0.5197792379550595,359
GC,mm_z,-0.030006017128066272,-0.5672024000972008,0.5709331512661373,359
GC,DFII10_chg_63,0.023454046884977795,0.4488258019768727,0.6538229445575371,368
GC,DTWEXBGS_chg_63,-0.02986006166186529,-0.5715114593268338,0.5680037865097212,368
SI,ret_63,0.06661759337650243,1.2773070384052734,0.20230353605573317,368
SI,ret_252,0.05829378109065633,1.1033047616941376,0.2706379912323659,359
SI,tsmom_12_1,0.0586579210822531,1.110220425405841,0.2676512833517503,359
SI,dist_ma_200,0.07429921678527941,1.4136358192875538,0.15833297958956613,362
SI,carry,0.02707639552593904,0.5203113365692922,0.6031586249723165,371
SI,carry_z,0.07261927383193946,1.387245686928152,0.1662179749978506,365
SI,slope_cm,-0.02058462036417396,-0.28230191034506097,0.7780225646062935,190
SI,carry_12m,0.08797591453615086,1.6965402937624765,0.0906269396504378,371
SI,z_ret_5,-0.07070782100234756,-1.3579658778896144,0.17530878750268272,369
SI,trend_template,-0.04544321356279376,-0.8738383684143662,0.38277461784192207,371
SI,vcp_contraction,-0.008052995934404191,-0.15469801657662074,0.8771439727184349,371
SI,season_score,-0.06343445681933065,-1.2009775290513969,0.23055612302382372,359
SI,mm_z,-0.03012921263804381,-0.5695332708812647,0.5693524794748005,359
SI,DFII10_chg_63,0.005173885111674242,0.09898357527002709,0.9212055010862201,368
SI,DTWEXBGS_chg_63,0.09610972575784282,1.8472386566611643,0.06551944259849984,368
HG,ret_63,-0.0201778389066914,-0.386103396080283,0.699644437518824,368
HG,ret_252,-0.03753105823646276,-0.7096284245781619,0.4783978051658396,359
HG,tsmom_12_1,-0.008081106736589844,-0.15269300151898016,0.8787266426075541,359
HG,dist_ma_200,-0.0466732631265272,-0.8865290348527781,0.3759243447513197,362
HG,carry,0.01999546454888329,0.3841771393366481,0.7010684485090567,371
HG,carry_z,-0.029337673330487167,-0.5591984512264204,0.576371121609165,365
HG,slope_cm,-0.07086022893668108,-1.3553339687202322,0.17615157977713333,366
HG,carry_12m,-0.0764338484633622,-1.4725540121006708,0.14172374738630517,371
HG,z_ret_5,0.0591867406033303,1.1358460545375506,0.2567621879838444,369
HG,trend_template,0.05146311446643959,0.9898858484442111,0.32287856210403565,371
HG,vcp_contraction,0.08780040084327496,1.6931293412477368,0.09127483586611813,371
HG,season_score,-0.029047638931981565,-0.5490706685979067,0.583300206372358,359
HG,mm_z,-0.04348412463754584,-0.8223862219007992,0.4114060541819642,359
HG,DFII10_chg_63,0.021939709682608024,0.41983241615641326,0.6748542204313382,368
HG,DTWEXBGS_chg_63,0.1164944044891225,2.243947442559353,0.025433022880418012,368
CL,ret_63,-0.019790646313050025,-0.37869152578995996,0.7051365194602476,368
CL,ret_252,-0.08456425099723523,-1.6035383019354301,0.10970016938469972,359
CL,tsmom_12_1,-0.07524678005840764,-1.4257882359395695,0.15480326485389015,359
CL,dist_ma_200,-0.014385687495011864,-0.2729774766834205,0.7850270516445166,362
CL,carry,0.004327708283886007,0.08313333992352719,0.9337905948273684,371
CL,carry_z,-0.029719438432665474,-0.5664815769968098,0.5714165185984895,365
CL,slope_cm,0.09773565994452503,1.8736478056752954,0.06177999559684935,366
CL,carry_12m,0.07638583718924559,1.4716236093618598,0.14197485144656694,371
CL,z_ret_5,0.03671362242412083,0.7038063118429901,0.48199969542993204,369
CL,trend_template,0.010641824747873419,0.20443435418385064,0.8381267960815313,371
CL,vcp_contraction,-0.0514390197535079,-0.9894211601519207,0.3231054632277873,371
CL,season_score,0.07952137240740736,1.5072854180457171,0.13262187931371008,359
CL,mm_z,-0.006786646125436372,-0.12823285578285323,0.8980369049059854,359
CL,DFII10_chg_63,-0.012967580807190609,-0.2481052897690859,0.8041920840273319,368
CL,DTWEXBGS_chg_63,-0.03346157884040634,-0.6405163829171026,0.5222377439328564,368
NG,ret_63,-0.01597073132205081,-0.30557705411366565,0.7601004148142646,368
NG,ret_252,0.05612735562783026,1.0621695423768374,0.2888767117183787,359
NG,tsmom_12_1,0.07832666780784614,1.4844995674130388,0.13855882853182214,359
NG,dist_ma_200,-0.03639077940887608,-0.690924135684183,0.4900584751683331,362
NG,carry,0.039402346090791615,0.7574825930632364,0.44924422580741635,371
NG,carry_z,0.008456331452064666,0.16112051385684426,0.8720881159400755,365
NG,slope_cm,0.09687214509888628,1.8569362142190355,0.06412784789286499,366
NG,carry_12m,0.12730543355443935,2.465518055042353,0.014135837023803648,371
NG,z_ret_5,-0.008764467126848596,-0.16790948499235492,0.8667469772305328,369
NG,trend_template,-0.01634126609030496,-0.3139473914995365,0.7537384036166598,371
NG,vcp_contraction,-0.00764970982639717,-0.14695042688607937,0.8832514025389914,371
NG,season_score,0.10848822079024889,2.061995013801411,0.039931480291828546,359
NG,mm_z,0.010573287063693376,0.19978754426073841,0.8417604937686455,359
NG,DFII10_chg_63,0.010455885568214763,0.20004380440597713,0.8415574244872497,368
NG,DTWEXBGS_chg_63,-0.021848931319546582,-0.41809447430692953,0.6761232381723156,368
