id,family,research_type,venue,strategy,economic_rationale,failure_condition,data_class,n_params,train_sharpe,val_sharpe,trainval_sharpe,oos_sharpe,years,walk_forward_sharpe,perm_p,dsr,dsr_p,sr0_ann,fdr_pass,machine_status,status
H01,A_TSMOM,A,GLOBAL,tsmom,"Slow information diffusion and hedging-pressure persistence produce time-series momentum (Moskowitz, Ooi and Pedersen 2012)","OOS Sharpe <= 0, or DSR p > 0.10, or fails FDR",SYNTHETIC,2.0,0.07552052965831785,0.0805305531899012,0.07720230295877549,0.5175576492639102,30.984126984126984,0.08884720599505988,0.09950248756218906,0.07964965787406819,0.9203503421259318,0.3692252701439057,False,WEAK,NOT-RESEARCH (SYNTHETIC)
H02,A_TSMOM,A,GLOBAL,tsmom_12_1,12-1 momentum skips the last month to avoid short-term reversal,"OOS Sharpe <= 0, or DSR p > 0.10, or fails FDR",SYNTHETIC,1.0,0.1008336173856463,0.11097680410852301,0.10423333600936789,0.36708412145331115,30.984126984126984,0.05177427922873655,0.05472636815920398,0.10079116107913427,0.8992088389208657,0.3692252701439057,False,WEAK,NOT-RESEARCH (SYNTHETIC)
H03,B_TREND,A,GLOBAL,ma_trend,Equity moving-average trend filter transfer test; trend persistence in futures,"OOS Sharpe <= 0, or DSR p > 0.10, or fails FDR",SYNTHETIC,3.0,-0.13790741357294767,-1.1835702737064018,-0.48776850622489304,-0.7249964433340148,30.984126984126984,-0.12851934653242025,0.19402985074626866,1.8256007796153272e-05,0.9999817439922039,0.3692252701439057,False,REJECTED,NOT-RESEARCH (SYNTHETIC)
H04,B_TREND,A,GLOBAL,ma_cross,Golden/death cross transfer test from equities,"OOS Sharpe <= 0, or DSR p > 0.10, or fails FDR",SYNTHETIC,2.0,0.06899978229309738,0.353696589173982,0.166455787282661,0.12824947858045557,30.984126984126984,0.26919725466222744,0.09950248756218906,0.16423516968459567,0.8357648303154044,0.3692252701439057,False,WEAK,NOT-RESEARCH (SYNTHETIC)
H05,C_BREAKOUT,A,GLOBAL,donchian,Breakouts capture regime shifts in supply/demand (CTA practice; folklore until tested),"OOS Sharpe <= 0, or DSR p > 0.10, or fails FDR",SYNTHETIC,3.0,0.42034850415701036,-0.05787413348975068,0.2535222552645332,0.2068382634924665,30.984126984126984,0.1969380344191263,0.04477611940298507,0.2886331074918571,0.7113668925081429,0.3692252701439057,False,WEAK,NOT-RESEARCH (SYNTHETIC)
H06,C_BREAKOUT,A,GLOBAL,vol_breakout,Large ATR-scaled moves signal information arrival that continues,"OOS Sharpe <= 0, or DSR p > 0.10, or fails FDR",SYNTHETIC,6.0,0.5547073169447754,-0.579887099484641,0.28439684873327076,-0.03533936020036414,30.984126984126984,0.3166588805259906,0.0845771144278607,0.33242067014572235,0.6675793298542776,0.3692252701439057,False,REJECTED,NOT-RESEARCH (SYNTHETIC)
H07,A_TSMOM,A,GLOBAL,roc,Shorter-horizon momentum,"OOS Sharpe <= 0, or DSR p > 0.10, or fails FDR",SYNTHETIC,2.0,0.053224821867058396,-0.7889370952784085,-0.23023550915842086,-0.1766751688879118,30.984126984126984,-0.1514574869392384,0.08955223880597014,0.001927488703497299,0.9980725112965027,0.3692252701439057,False,REJECTED,NOT-RESEARCH (SYNTHETIC)
H08,Q_EQUITY_TRANSFER,A,GLOBAL,trend_template,"Minervini trend template transfer test (long-only). The equity mechanism (institutional accumulation, earnings drift) has no direct commodity analogue","OOS Sharpe <= 0, or DSR p > 0.10, or fails FDR, or no better than H03",SYNTHETIC,1.0,0.019684813248307585,-0.32226807608606034,-0.10476178751305558,-0.3158759626775825,30.984126984126984,-0.15102833378355998,0.14925373134328357,0.011173340841193528,0.9888266591588065,0.3692252701439057,False,REJECTED,NOT-RESEARCH (SYNTHETIC)
H09,Q_EQUITY_TRANSFER,A,GLOBAL,vcp_breakout,VCP transfer test: volatility contraction then breakout (long-only). In supply-shock markets volatility often expands with rallies,"OOS Sharpe <= 0, or DSR p > 0.10, or fails FDR, or no better than H05",SYNTHETIC,1.0,0.04175688907905684,-0.32256970547412345,-0.08429578000966884,0.02837642622167222,30.984126984126984,-0.05413875444947013,0.4577114427860697,0.014432689066710998,0.985567310933289,0.3692252701439057,False,REJECTED,NOT-RESEARCH (SYNTHETIC)
H10,D_MEAN_REVERSION,A,GLOBAL,mean_reversion,Liquidity-provision reversal after extreme short-term moves (weak prior for futures),"OOS Sharpe <= 0, or DSR p > 0.10, or fails FDR",SYNTHETIC,3.0,-0.09474313957414691,-0.6137599531031415,-0.26087719426247696,-0.08876978641576784,30.984126984126984,-0.5704551803830744,0.4228855721393035,0.0011729217489574403,0.9988270782510426,0.3692252701439057,False,REJECTED,NOT-RESEARCH (SYNTHETIC)
H11,F_CARRY,A,GLOBAL,carry,"Theory of storage / hedging pressure: backwardation signals scarcity and pays roll yield (Koijen et al. 2018; Gorton, Hayashi and Rouwenhorst 2013)","OOS Sharpe <= 0, or DSR p > 0.10, or fails FDR",SYNTHETIC,2.0,0.21011123879152946,0.28510522239824465,0.23511987662057837,0.0719214569959974,30.984126984126984,0.40993095766471055,0.004975124378109453,0.2589437267544568,0.7410562732455432,0.3692252701439057,True,WEAK,NOT-RESEARCH (SYNTHETIC)
H12,E_TERM_STRUCTURE,A,GLOBAL,carry_z,Carry relative to its own history captures changes in tightness (TS6),"OOS Sharpe <= 0, or DSR p > 0.10, or fails FDR",SYNTHETIC,2.0,0.25220853966950696,-0.023164238235329867,0.16231859044264546,-0.8117208957130153,30.984126984126984,-0.22779406617786416,0.009950248756218905,0.15923260171273834,0.8407673982872617,0.3692252701439057,True,REJECTED,NOT-RESEARCH (SYNTHETIC)
H13,G_MOM_CARRY,A,GLOBAL,mom_carry,Momentum and carry are distinct premia; agreement filters noise,"OOS Sharpe <= 0, or DSR p > 0.10, or fails FDR, or not better than H01 and H11 out-of-sample",SYNTHETIC,2.0,0.19510203559911277,0.2087145720827975,0.19974192091984638,0.4061208810878468,30.984126984126984,0.2787938584487306,0.009950248756218905,0.20695258519213522,0.7930474148078648,0.3692252701439057,True,WEAK,NOT-RESEARCH (SYNTHETIC)
H14,H_TREND_CARRY,A,GLOBAL,trend_carry_filter,Avoid trend trades fighting strong carry (roll-yield drag),"OOS Sharpe <= 0, or DSR p > 0.10, or fails FDR, or not better than H03",SYNTHETIC,2.0,0.12131012606798523,0.012975367837528532,0.08413192747172696,0.1483441719810994,30.984126984126984,0.11046505417796665,0.004975124378109453,0.08466458135319405,0.9153354186468059,0.3692252701439057,True,WEAK,NOT-RESEARCH (SYNTHETIC)
H15,I_POSITIONING,A,GLOBAL,cot_contrarian,Crowded managed-money positioning reverses (market belief; mixed evidence),"OOS Sharpe <= 0, or DSR p > 0.10, or fails FDR",SYNTHETIC,4.0,-0.06368277183348905,-0.45425935348198904,-0.2011492157728351,0.3363637567632765,30.984126984126984,-0.06284625317481193,0.48756218905472637,0.0030016418951146276,0.9969983581048854,0.3692252701439057,False,REJECTED,NOT-RESEARCH (SYNTHETIC)
H16,I_POSITIONING,A,GLOBAL,cot_momentum,Speculator flows are trend-following; positioning changes persist,"OOS Sharpe <= 0, or DSR p > 0.10, or fails FDR",SYNTHETIC,1.0,-0.1918084708658311,-0.861820169705263,-0.4124635358094118,-1.0477375210383315,30.984126984126984,-0.7185571416721876,0.39800995024875624,8.230334677504251e-05,0.9999176966532249,0.3692252701439057,False,REJECTED,NOT-RESEARCH (SYNTHETIC)
H17,I_POSITIONING,A,GLOBAL,trend_cot,Avoid trend trades when positioning is already crowded in the trend direction,"OOS Sharpe <= 0, or DSR p > 0.10, or fails FDR, or not better than H03",SYNTHETIC,1.0,-0.2373098286335997,-0.32532300097425176,-0.26733107629134645,0.31098904675941985,30.984126984126984,-0.12166740400832211,0.3283582089552239,0.0010765474570018226,0.9989234525429982,0.3692252701439057,False,REJECTED,NOT-RESEARCH (SYNTHETIC)
H18,K_MACRO,B,GLOBAL,macro_real_yield,"Real yields are gold's opportunity cost (Erb and Harvey 2013); test whether CHANGES are predictive, not only contemporaneous","OOS Sharpe <= 0, or DSR p > 0.10, or fails FDR",SYNTHETIC,1.0,0.0009466091156956033,-0.7717762215630732,-0.2581180730564031,-0.32221085433304975,30.984126984126984,-0.4055174691184552,0.8159203980099502,0.0012468659942427315,0.9987531340057573,0.3692252701439057,False,REJECTED,NOT-RESEARCH (SYNTHETIC)
H19,K_MACRO,B,GLOBAL,macro_usd,Commodities are priced in USD; a weaker USD raises non-US demand,"OOS Sharpe <= 0, or DSR p > 0.10, or fails FDR",SYNTHETIC,1.0,-0.20997507533600435,-0.49066279285147674,-0.30485950096562314,-0.1791628911469742,30.984126984126984,-0.29665142529015337,0.6865671641791045,0.0005773109627765375,0.9994226890372234,0.3692252701439057,False,REJECTED,NOT-RESEARCH (SYNTHETIC)
H20,M_VOL_REGIME,A,GLOBAL,vol_regime_trend,Trend signals are noisier in volatility spikes; halve exposure,"OOS Sharpe <= 0, or DSR p > 0.10, or fails FDR, or not better than H03 risk-adjusted",SYNTHETIC,2.0,-0.1706580066462193,-0.1478232441565787,-0.1629120659458437,0.29903819969429174,30.984126984126984,-0.018583592579181345,0.22885572139303484,0.005158617075981748,0.9948413829240182,0.3692252701439057,False,REJECTED,NOT-RESEARCH (SYNTHETIC)
H21,P_SEASONALITY,A,GLOBAL,seasonal,"Seasonal demand (heating, driving, Indian festival gold) - but should be priced into the curve","OOS Sharpe <= 0, or DSR p > 0.10, or fails FDR",SYNTHETIC,1.0,-0.045171939707251196,-0.48803057528087823,-0.19352182143317628,-0.1593090610994584,30.984126984126984,-0.36791177306093265,0.527363184079602,0.0033314758013048558,0.9966685241986951,0.3692252701439057,False,REJECTED,NOT-RESEARCH (SYNTHETIC)
H22,P_SEASONALITY,A,GLOBAL,seasonal_trend,Seasonality only when confirmed by trend,"OOS Sharpe <= 0, or DSR p > 0.10, or fails FDR",SYNTHETIC,1.0,-0.12036351473132653,-0.4133981405989823,-0.22019892063679194,0.11752661970192418,30.984126984126984,-0.23291651547258177,0.30845771144278605,0.0022436185755513333,0.9977563814244487,0.3692252701439057,False,REJECTED,NOT-RESEARCH (SYNTHETIC)
H23,N_MULTI_FACTOR,A,GLOBAL,multi_factor,"Diversify across trend, carry and positioning premia","OOS Sharpe <= 0, or DSR p > 0.10, or fails FDR, or not better than the best single component",SYNTHETIC,1.0,0.1805469646985155,0.12622417600190658,0.16152227734566094,0.47765700075817,30.984126984126984,0.2541704529148715,0.014925373134328358,0.15833159868204044,0.8416684013179596,0.3692252701439057,True,WEAK,NOT-RESEARCH (SYNTHETIC)
H24,L_RELATIVE_VALUE,B,GLOBAL,gold_silver_rv,Gold/silver ratio mean-reverts because both share monetary drivers (cointegration is not predictability - test it),"OOS Sharpe <= 0, or DSR p > 0.10, or fails FDR",SYNTHETIC,2.0,-0.5185970088533426,-0.2952418804984843,-0.44590795523927007,-0.31661560105149883,30.984126984126984,-0.5163356142811676,0.945273631840796,4.2821666803345547e-05,0.9999571783331966,0.3692252701439057,False,REJECTED,NOT-RESEARCH (SYNTHETIC)
H25,C_XS_SELECTION,C,GLOBAL,xs_momentum,Cross-sectional momentum (Miffre and Rallis 2007) - low breadth here (03 s.9); architecture test,"OOS Sharpe <= 0, or DSR p > 0.10, or fails FDR",SYNTHETIC,1.0,-0.19244271124612225,-0.20111841237322178,-0.1953631736257604,0.4241412953241897,30.984126984126984,0.02684646537804692,0.25870646766169153,0.003247497628094213,0.9967525023719058,0.3692252701439057,False,REJECTED,NOT-RESEARCH (SYNTHETIC)
H26,J_INVENTORY,A,GLOBAL,,Inventory deviations from seasonal norms move prices and the curve (theory of storage),"OOS Sharpe <= 0, or DSR p > 0.10, or fails FDR",SYNTHETIC,,,,,,,,,,,,,DATA-LIMITED,NOT-RESEARCH (SYNTHETIC)
H27,Q_EQUITY_TRANSFER,A,GLOBAL,,Cup & Handle transfer test,n/a,SYNTHETIC,,,,,,,,,,,,,DESIGN-LIMITED,NOT-RESEARCH (SYNTHETIC)
