root,rule,total_return_ann,price_return_ann(CM30),roll_return_ann,roll_cost_ann,rolls_per_year,sharpe,sortino,calmar,max_dd
GC,ROLL_A,-0.0007716421948619866,-0.009544341913584891,0.008772699718722904,0.0021419950365325247,6.003073770491803,0.0707385976998348,0.11588251529039122,-0.0010295321688574477,-0.7492185080932283
GC,ROLL_B,0.0011130480208464113,-0.009544341913584891,0.010657389934431303,0.002143354314196691,6.003073770491803,0.0829978182042944,0.13567231668870014,0.0015203406290102764,-0.7325119564850586
GC,ROLL_C,0.0014049453594911227,-0.009544341913584891,0.010949287273076013,0.0021442799239185756,6.003073770491803,0.0849056262584982,0.13869461887254986,0.0019353794690002476,-0.7264377762095514
GC,ROLL_D,0.0014826410007748813,-0.009544341913584891,0.011026982914359773,0.002143432997919188,6.003073770491803,0.08543229330813132,0.1395714772207113,0.002043007928554047,-0.7262530094002992
GC,ROLL_E,-0.001354090702007013,-0.009544341913584891,0.00819025121157788,0.002143880341231743,6.003073770491803,0.06674541234227052,0.10900935822211527,-0.0018473500818388358,-0.7324948033169264
GC,ROLL_F,0.0036461336845459284,-0.009544341913584891,0.01319047559813082,0.0009136034463794166,2.5496926229508197,0.0999705857849532,0.16450322699413897,0.004931902696224651,-0.7406449683056722
SI,ROLL_A,-0.10251767921061683,-0.009320056306467296,-0.09319762290414954,0.023700246681827034,5.002561475409836,-0.23034844914277824,-0.3868576406697743,-0.09981802820323941,-0.9761543954448514
SI,ROLL_B,-0.10012692640197467,-0.009320056306467296,-0.09080687009550736,0.02388931049423246,5.002561475409836,-0.22133107964455806,-0.3707153207310975,-0.09783071687861854,-0.9739008920051099
SI,ROLL_C,-0.10054564520531024,-0.009320056306467296,-0.09122558889884294,0.02388331191178133,5.002561475409836,-0.22291596921108248,-0.37286193153541575,-0.09817509046683402,-0.9743425448796337
SI,ROLL_D,-0.10089183702171252,-0.009320056306467296,-0.09157178071524522,0.023885453258310745,5.002561475409836,-0.22414582029679672,-0.3750240883487166,-0.09847269982304703,-0.974576607625565
SI,ROLL_E,-0.1043571388996529,-0.009320056306467296,-0.0950370825931856,0.02385965669634441,5.002561475409836,-0.23680134202784175,-0.39646240960826074,-0.10144444693524368,-0.9768549261757559
SI,ROLL_F,-0.09001399591973885,-0.009320056306467296,-0.08069393961327156,0.01126422026062453,2.2914959016393444,-0.18604450163758618,-0.3126011333261606,-0.0889719772275004,-0.967513689469499
HG,ROLL_A,-0.016908945764928077,-0.031803650698992623,0.014894704934064546,0.013460492259507587,5.002561475409836,0.05127288242571756,0.08801924406784654,-0.018788388857286703,-0.8924017924364871
HG,ROLL_B,-0.025865393060182762,-0.031803650698992623,0.0059382576388098615,0.013470911338585922,5.002561475409836,0.014290433518190121,0.024533858539333382,-0.027966564448720924,-0.9130098674044063
HG,ROLL_C,-0.024834122003798944,-0.031803650698992623,0.0069695286951936795,0.013468526803018875,5.002561475409836,0.018602951865918285,0.031924638857745186,-0.026912714454888263,-0.9114016402947068
HG,ROLL_D,-0.024840325109449963,-0.031803650698992623,0.006963325589542661,0.013469528086148765,5.002561475409836,0.01859734724694049,0.03192443504244965,-0.026900558357630822,-0.9120384308790833
HG,ROLL_E,-0.02428905149695647,-0.031803650698992623,0.007514599202036152,0.013448371449650384,5.002561475409836,0.020876041235344645,0.03589909734009322,-0.02632272444231561,-0.9116247202966723
HG,ROLL_F,-0.01806538305170346,-0.031803650698992623,0.013738267647289165,0.006047297520426079,2.2914959016393444,0.046335732854273774,0.07900353399067893,-0.020254431978866217,-0.8839143080706515
CL,ROLL_A,-0.19790370501453983,0.07907287509516779,-0.2769765801097076,0.002814216434599712,12.006147540983607,-0.42274487253466597,-0.6863743331005621,-0.17974086385642427,-0.9989444898788256
CL,ROLL_B,-0.2004660749798967,0.07907287509516779,-0.2795389500750645,0.002801381112182395,12.038422131147541,-0.42971683992787396,-0.6951354774274031,-0.1818411421235942,-0.9989529641586375
CL,ROLL_C,-0.19936397210744164,0.07907287509516779,-0.2784368472026094,0.0028026823214703286,12.038422131147541,-0.426310725735499,-0.6898961732761589,-0.18093790457453207,-0.9989523539320917
CL,ROLL_D,-0.19925432887875302,0.07907287509516779,-0.2783272039739208,0.0028026606307901183,12.038422131147541,-0.4260637044709718,-0.6893919189956231,-0.18084813979775313,-0.9989514715012476
CL,ROLL_E,-0.20067127150846478,0.07907287509516779,-0.27974414660363256,0.002808421118035148,12.006147540983607,-0.43091491451918595,-0.6980522913122201,-0.1819911733117798,-0.9990520409315788
CL,ROLL_F,-0.19480672673993424,0.07907287509516779,-0.273879601835102,0.001238189860032725,5.260758196721311,-0.4128783653609538,-0.6715764460346633,-0.17720808637566193,-0.9988612724059861
NG,ROLL_A,0.2059066633787728,-0.07635778671175152,0.2822644500905243,0.07493589212632548,12.006147540983607,0.6636448683282593,1.1554988944603182,0.24710903955437732,-0.9252535726226632
NG,ROLL_B,0.20464318202429077,-0.07635778671175152,0.2810009687360423,0.07507026490585228,12.006147540983607,0.6612810105504009,1.1505998607595935,0.24640509955096895,-0.9216008130617923
NG,ROLL_C,0.2073609567398362,-0.07635778671175152,0.2837187434515877,0.07484176812235738,12.006147540983607,0.6668794694762424,1.1604412119498928,0.25043771552601535,-0.9200955292722074
NG,ROLL_D,0.20688123291882196,-0.07635778671175152,0.28323901963057346,0.07489063403599569,12.006147540983607,0.6658327046003428,1.1588515669338315,0.24983071922383984,-0.9199689282780562
NG,ROLL_E,0.21148747954926286,-0.07635778671175152,0.28784526626101437,0.07404333568171369,12.006147540983607,0.6748801677397879,1.1792268445202843,0.2582956252878009,-0.9118021107444436
NG,ROLL_F,0.24769503630144118,-0.07635778671175152,0.3240528230131927,0.03554139692442966,5.583504098360656,0.7487909285123531,1.3088767865788795,0.30835988280393833,-0.9114972753959528
