root,m,mean,std,count,t
GC,1,0.007815727101056524,0.04692453960672885,31,0.9273639589769618
GC,2,0.008637356576974155,0.038161961589102726,31,1.2601754243174093
GC,3,0.007549879793155564,0.037675163563727576,31,1.1157470248238788
GC,4,0.0036437189580702414,0.0414201908505583,31,0.4897941836170505
GC,5,-0.003698872917086783,0.03654435518389402,31,-0.5635467559014254
GC,6,-0.0024187332748187027,0.03654522610381509,31,-0.3685005776806745
GC,7,-0.004233744868898363,0.03799282724814511,31,-0.6204458975481386
GC,8,0.013437016856371295,0.06179525994253963,31,1.2106777067564143
GC,9,-0.008515342993850662,0.048296906946336565,31,-0.9816658303008013
GC,10,0.0009804986272089907,0.043151124806809854,31,0.12651316365028892
GC,11,-0.0036325904016991256,0.04231020658330802,31,-0.4780266752778748
GC,12,-0.010030582518584248,0.03777059547908013,31,-1.4786084036279354
SI,1,-0.006830984777921681,0.09385010325081812,31,-0.4052559591533016
SI,2,-0.009908935865146686,0.06969092240740815,31,-0.7916471482614118
SI,3,-0.0010506497349089601,0.09392860850165102,31,-0.06227889718753891
SI,4,0.0019473052246349106,0.08028739498140687,31,0.13504157951302082
SI,5,0.002397334751012931,0.06834094732998804,31,0.19531182276437017
SI,6,-0.005836631146905154,0.08256639568600216,31,-0.3935861148924003
SI,7,-0.013077731000270052,0.06752469818282593,31,-1.0783272871925293
SI,8,-0.021278356452070414,0.07621966933505363,31,-1.5543609121765887
SI,9,0.01451033864103745,0.08041749627875602,31,1.0046339430677618
SI,10,0.0004403898569395908,0.0903126811502525,31,0.02714997406776922
SI,11,-0.014128817765889182,0.06454630691244256,31,-1.2187518048483899
SI,12,-0.013332564317726286,0.0781215629559878,31,-0.9502187829395682
HG,1,0.0044940547202182825,0.056172524456509956,31,0.4454462027109334
HG,2,-0.01318614471270962,0.06857474110512515,31,-1.0706179189505838
HG,3,-0.004754718564904851,0.06686465854592487,31,-0.3959214502348934
HG,4,-0.007609474764425349,0.06740656758189552,31,-0.6285405700527203
HG,5,-0.01629068039922022,0.043658436833406186,31,-2.077551931580583
HG,6,0.01640597036016912,0.06245976694443547,31,1.4624546580562148
HG,7,0.0033327678946145026,0.05626905347081741,31,0.3297739195638385
HG,8,0.0035084667288608914,0.08340628098344692,31,0.2342067742476533
HG,9,0.001183533247140797,0.07635796784169491,31,0.08629923532429039
HG,10,0.013553428948230811,0.07974230576044508,31,0.9463270214283191
HG,11,0.004228327656148287,0.054209150107484186,31,0.4342870528608553
HG,12,-0.0023579873338473857,0.08301233598888662,31,-0.15815381761040523
CL,1,-0.04827521194446129,0.09495497469596335,31,-2.8306574303564545
CL,2,-0.012755765247131609,0.09404294484325477,31,-0.7551985455366037
CL,3,-0.02284424021222071,0.09540528450192746,31,-1.3331687779513026
CL,4,0.009059176726766342,0.1038261703873519,31,0.48580585364644524
CL,5,0.02062235963603351,0.09578031882494359,31,1.198789484808747
CL,6,-0.01934787772068437,0.07364320710247821,31,-1.4627883318513744
CL,7,-0.011469209986206761,0.09741667288481422,31,-0.6555126216076168
CL,8,-0.007288698947019395,0.08360999782522177,31,-0.4853696842983221
CL,9,-0.016619981337406706,0.13256021511613225,31,-0.6980687208469358
CL,10,0.0002587976617298417,0.109544944992928,31,0.01315372789001058
CL,11,-0.0004060468482547339,0.08586321065542689,31,-0.026329939843791145
CL,12,-0.03561072217874316,0.05600805327759579,31,-3.5400642993024567
NG,1,-0.003620432696595865,0.1343939012786001,31,-0.14998981318611979
NG,2,0.03591377534219388,0.14668583407182104,31,1.3631816579305505
NG,3,0.06133863062372968,0.17590493968975707,31,1.9414977331161496
NG,4,0.010351640975203018,0.1629005779996781,31,0.3538078159468548
NG,5,0.05814803739159461,0.16817414850378448,31,1.9251149670613166
NG,6,-0.0006763742321587234,0.13186075532889813,31,-0.028559614544575118
NG,7,0.04008771054202382,0.11762870506734284,31,1.8974868933186284
NG,8,0.004525968078034447,0.1078058959991641,31,0.2337490314294301
NG,9,0.025610067298550795,0.15868972989107977,31,0.898551028679802
NG,10,0.007427049275223028,0.10247934500451916,31,0.403516047782563
NG,11,0.05276152617151745,0.15984600945660887,31,1.837792173510858
NG,12,0.036780857138346876,0.1477333151919915,31,1.3861947479015977
